"Trabajo","Inicio","Fin","Duracion","Comentario","Etiquetas","Descansos","Arreglos","TiempoTotalArreglos","GananciasTotalesArreglos"
"Marez","03/01/2024 23:00","04/01/2024 00:30","1.5","","Blogging","","","",""
"Marez","04/01/2024 10:25","04/01/2024 10:55","0.5","","Blogging","","","",""
"Marez","04/01/2024 16:00","04/01/2024 16:30","0.5","","Blogging","","","",""
"Marez","05/01/2024 23:30","06/01/2024 02:10","2.67","","Blogging","","","",""
"Marez","07/01/2024 09:55","07/01/2024 12:45","2.83","","Curso Flutter/Firebase","","","",""
"Marez","07/01/2024 13:30","07/01/2024 16:45","3.25","","Curso Flutter/Firebase","","","",""
"Marez","07/01/2024 22:00","07/01/2024 23:00","1","","","","","",""
"Marez","08/01/2024 08:50","08/01/2024 10:45","1.92","","Curso Flutter/Firebase","","","",""
"Marez","08/01/2024 14:00","08/01/2024 15:55","1.92","","Curso Flutter/Firebase","","","",""
"Marez","08/01/2024 16:05","08/01/2024 16:50","0.75","","Curso Flutter/Firebase","","","",""
"Marez","08/01/2024 17:15","08/01/2024 17:55","0.67","","Curso Flutter/Firebase","","","",""
"Marez","09/01/2024 11:00","09/01/2024 11:45","0.75","","Curso Flutter/Firebase","","","",""
"Marez","09/01/2024 13:45","09/01/2024 15:45","2","","Curso Flutter/Firebase","","","",""
"Marez","09/01/2024 21:00","09/01/2024 22:00","1","","Curso Flutter/Firebase","","","",""
"Marez","10/01/2024 09:00","10/01/2024 11:10","2.17","","Curso Flutter/Firebase","","","",""
"Marez","10/01/2024 11:30","10/01/2024 12:25","0.92","","Curso Flutter/Firebase","","","",""
"Marez","10/01/2024 13:00","10/01/2024 13:35","0.58","","Curso Flutter/Firebase","","","",""
"Marez","11/01/2024 08:45","11/01/2024 11:15","2.5","","Producción YouTube","","","",""
"Marez","11/01/2024 11:30","11/01/2024 12:30","1","","Curso Flutter/Firebase","","","",""
"Marez","11/01/2024 13:30","11/01/2024 14:45","1.25","","","","","",""
"Marez","16/01/2024 11:00","16/01/2024 12:35","1.58","","Curso Flutter/Firebase","","","",""
"Marez","16/01/2024 14:20","16/01/2024 18:00","3.67","","Curso Flutter/Firebase","","","",""
"Marez","18/01/2024 10:50","18/01/2024 11:20","0.5","","Producción YouTube","","","",""
"Marez","18/01/2024 11:20","18/01/2024 12:10","0.83","","Curso Flutter/Firebase","","","",""
"Marez","18/01/2024 13:00","18/01/2024 14:25","1.42","","","","","",""
"Marez","19/01/2024 21:00","19/01/2024 22:00","1","","","","","",""
"Marez","19/01/2024 22:00","19/01/2024 23:00","1","","Ayuda comunitaria","","","",""
"Marez","20/01/2024 21:00","20/01/2024 22:00","1","","Curso Flutter/Firebase","","","",""
"Marez","20/01/2024 22:00","20/01/2024 23:00","1","","","","","",""
"Marez","25/01/2024 08:25","25/01/2024 08:45","0.33","","Producción YouTube","","","",""
"Marez","25/01/2024 10:45","25/01/2024 12:00","1.25","","Curso Flutter/Firebase","","","",""
"Marez","25/01/2024 13:00","25/01/2024 15:00","2","","Curso Flutter/Firebase","","","",""
"Marez","25/01/2024 15:00","25/01/2024 17:30","2.5","","Curso Flutter/Firebase","","","",""
"Marez","25/01/2024 20:40","25/01/2024 22:40","2","","Curso Flutter/Firebase","","","",""
"Marez","26/01/2024 20:20","26/01/2024 22:25","2.08","","Curso Flutter/Firebase","","","",""
"Marez","28/01/2024 08:15","28/01/2024 09:10","0.92","","Curso Flutter/Firebase","","","",""
"Marez","28/01/2024 09:40","28/01/2024 11:10","1.5","","Curso Flutter/Firebase","","","",""
"Marez","28/01/2024 11:10","28/01/2024 12:10","1","","Curso Flutter/Firebase","","","",""
"Marez","28/01/2024 14:05","28/01/2024 16:45","2.67","","Curso Flutter/Firebase","","","",""
"Marez","28/01/2024 16:45","28/01/2024 17:15","0.5","","Curso Flutter/Firebase","","","",""
"Marez","28/01/2024 20:15","28/01/2024 20:30","0.25","","","","","",""
"Marez","01/02/2024 11:00","01/02/2024 11:30","0.5","","Producción YouTube","","","",""
"Marez","01/02/2024 12:00","01/02/2024 12:35","0.58","","Curso Flutter/Firebase","","","",""
"Marez","01/02/2024 13:50","01/02/2024 14:45","0.92","","Curso Flutter/Firebase","","","",""
"Marez","04/02/2024 10:45","04/02/2024 12:35","1.83","","Curso Flutter/Firebase","","","",""
"Marez","04/02/2024 13:30","04/02/2024 17:30","4","","Curso Flutter/Firebase","","","",""
"Marez","05/02/2024 20:30","05/02/2024 22:00","1.5","","Desarrollo","","","",""
"Marez","07/02/2024 21:30","07/02/2024 22:30","1","","Curso Flutter/Firebase","","","",""
"Marez","08/02/2024 08:45","08/02/2024 09:30","0.75","","Producción YouTube","","","",""
"Marez","08/02/2024 09:45","08/02/2024 11:10","1.42","","Curso Flutter/Firebase","","","",""
"Marez","08/02/2024 11:10","08/02/2024 12:05","0.92","","Curso Flutter/Firebase","","","",""
"Marez","08/02/2024 13:55","08/02/2024 15:20","1.42","","Curso Flutter/Firebase","","","",""
"Marez","08/02/2024 15:20","08/02/2024 16:30","1.17","","Curso Flutter/Firebase","","","",""
"Marez","10/02/2024 10:30","10/02/2024 11:00","0.5","","Curso Flutter/Firebase","","","",""
"Marez","11/02/2024 08:55","11/02/2024 12:00","3.08","","Curso Flutter/Firebase","","","",""
"Marez","11/02/2024 12:45","11/02/2024 14:15","1.5","","Curso Flutter/Firebase","","","",""
"Marez","11/02/2024 14:20","11/02/2024 15:30","1.17","","Curso Flutter/Firebase","","","",""
"Marez","12/02/2024 21:30","12/02/2024 22:00","0.5","","","","","",""
"Marez","12/02/2024 22:00","12/02/2024 22:30","0.5","","Ayuda comunitaria","","","",""
"Marez","17/02/2024 22:00","17/02/2024 23:00","1","","","","","",""
"Marez","20/02/2024 16:40","20/02/2024 17:15","0.58","","Curso Flutter/Firebase","","","",""
"Marez","25/02/2024 08:30","25/02/2024 10:00","1.5","","Curso Flutter/Firebase","","","",""
"Marez","25/02/2024 10:00","25/02/2024 13:20","3.33","","Curso Flutter/Firebase","","","",""
"Marez","25/02/2024 15:30","25/02/2024 16:50","1.33","","Curso Flutter/Firebase","","","",""
"Marez","27/02/2024 08:20","27/02/2024 09:45","1.42","","Curso Flutter/Firebase","","","",""
"Marez","27/02/2024 14:30","27/02/2024 17:15","2.75","","Producción YouTube","","","",""
"Marez","03/03/2024 09:00","03/03/2024 10:00","1","","Ayuda comunitaria","","","",""
"Marez","03/03/2024 13:30","03/03/2024 14:30","1","","Ayuda comunitaria","","","",""
"Marez","03/03/2024 21:10","03/03/2024 22:10","1","","Producción YouTube","","","",""
"Marez","04/03/2024 10:30","04/03/2024 11:30","1","","Ayuda comunitaria","","","",""
"Marez","04/03/2024 11:30","04/03/2024 12:30","1","","Curso Flutter/Firebase","","","",""
"Marez","04/03/2024 14:00","04/03/2024 15:00","1","","Curso Flutter/Firebase","","","",""
"Marez","04/03/2024 20:30","04/03/2024 22:00","1.5","","Ayuda comunitaria","","","",""
"Marez","05/03/2024 20:30","05/03/2024 23:00","2.5","","Ayuda comunitaria","","","",""
"Marez","06/03/2024 06:15","06/03/2024 06:45","0.5","","Ayuda comunitaria","","","",""
"Marez","06/03/2024 06:45","06/03/2024 07:30","0.75","","Curso Flutter/Firebase","","","",""
"Marez","06/03/2024 08:30","06/03/2024 09:00","0.5","","Desarrollo","","","",""
"Marez","06/03/2024 09:00","06/03/2024 11:35","2.58","","Curso Flutter/Firebase","","","",""
"Marez","06/03/2024 11:35","06/03/2024 12:15","0.67","","Curso Flutter/Firebase","","","",""
"Marez","06/03/2024 13:00","06/03/2024 14:45","1.75","","Curso Flutter/Firebase","","","",""
"Marez","06/03/2024 14:45","06/03/2024 15:20","0.58","","Producción YouTube","","","",""
"Marez","06/03/2024 15:25","06/03/2024 16:00","0.58","","Curso Flutter/Firebase","","","",""
"Marez","06/03/2024 21:00","06/03/2024 22:05","1.08","","Ayuda comunitaria","","","",""
"Marez","09/03/2024 14:20","09/03/2024 15:55","1.58","","Curso Flutter/Firebase","","","",""
"Marez","09/03/2024 22:30","09/03/2024 23:00","0.5","","","","","",""
"Marez","10/03/2024 17:00","10/03/2024 17:30","0.5","","","","","",""
"Marez","10/03/2024 21:00","10/03/2024 22:00","1","","Blogging","","","",""
"Marez","11/03/2024 09:05","11/03/2024 09:30","0.42","","Curso Flutter/Firebase","","","",""
"Marez","11/03/2024 09:30","11/03/2024 11:00","1.5","","Curso Flutter/Firebase","","","",""
"Marez","11/03/2024 16:00","11/03/2024 17:10","1.17","","Curso Flutter/Firebase","","","",""
"Marez","12/03/2024 20:15","12/03/2024 22:00","1.75","","","","","",""
"Marez","13/03/2024 20:30","13/03/2024 21:00","0.5","","","","","",""
"Marez","14/03/2024 22:25","14/03/2024 23:55","1.5","","Desarrollo","","","",""
"Marez","15/03/2024 09:00","15/03/2024 09:15","0.25","","Curso Flutter/Firebase","","","",""
"Marez","15/03/2024 10:00","15/03/2024 12:35","2.58","","Curso Flutter/Firebase","","","",""
"Marez","15/03/2024 13:15","15/03/2024 16:30","3.25","","Curso Flutter/Firebase","","","",""
"Marez","15/03/2024 16:30","15/03/2024 17:25","0.92","","","","","",""
"Marez","18/03/2024 08:25","18/03/2024 09:20","0.92","","","","","",""
"Marez","18/03/2024 09:20","18/03/2024 11:15","1.92","","Curso Flutter/Firebase","","","",""
"Marez","18/03/2024 11:20","18/03/2024 12:30","1.17","","Curso Flutter/Firebase","","","",""
"Marez","18/03/2024 13:30","18/03/2024 15:55","2.42","","Curso Flutter/Firebase","","","",""
"Marez","18/03/2024 15:55","18/03/2024 16:25","0.5","","Desarrollo","","","",""
"Marez","22/03/2024 09:20","22/03/2024 11:55","2.58","","Curso Flutter/Firebase","","","",""
"Marez","22/03/2024 22:00","22/03/2024 23:00","1","","Curso Flutter/Firebase","","","",""
"Marez","25/03/2024 09:35","25/03/2024 11:05","1.5","","Curso Flutter/Firebase","","","",""
"Marez","25/03/2024 11:05","25/03/2024 12:20","1.25","","Curso Flutter/Firebase","","","",""
"Marez","25/03/2024 14:30","25/03/2024 16:25","1.92","","Curso Flutter/Firebase","","","",""
"Marez","25/03/2024 21:00","25/03/2024 22:30","1.5","","Ayuda comunitaria","","","",""
"Marez","26/03/2024 21:30","26/03/2024 22:00","0.5","","Curso Flutter/Firebase","","","",""
"Marez","28/03/2024 21:00","28/03/2024 21:45","0.75","","Ayuda comunitaria","","","",""
"Marez","29/03/2024 09:05","29/03/2024 11:25","2.33","","Curso Flutter/Firebase","","","",""
"Marez","29/03/2024 11:25","29/03/2024 11:45","0.33","","Curso Flutter/Firebase","","","",""
"Marez","29/03/2024 14:00","29/03/2024 14:10","0.17","","Curso Flutter/Firebase","","","",""
"Marez","01/04/2024 09:00","01/04/2024 09:20","0.33","","Curso Flutter/Firebase","","","",""
"Marez","01/04/2024 09:20","01/04/2024 12:45","3.42","","Curso Flutter/Firebase","","","",""
"Marez","01/04/2024 15:00","01/04/2024 17:15","2.25","","Curso Flutter/Firebase","","","",""
"Marez","01/04/2024 21:35","01/04/2024 22:35","1","","Curso Flutter/Firebase","","","",""
"Marez","04/04/2024 09:20","04/04/2024 11:35","2.25","","Curso Flutter/Firebase","","","",""
"Marez","04/04/2024 11:35","04/04/2024 12:20","0.75","","Curso Flutter/Firebase","","","",""
"Marez","04/04/2024 14:00","04/04/2024 15:10","1.17","","Curso Flutter/Firebase","","","",""
"Marez","04/04/2024 16:00","04/04/2024 17:40","1.67","","Curso Flutter/Firebase","","","",""
"Marez","04/04/2024 20:45","04/04/2024 22:00","1.25","","Desarrollo","","","",""
"Marez","05/04/2024 20:40","05/04/2024 21:50","1.17","","Desarrollo","","","",""
"Marez","06/04/2024 20:45","06/04/2024 22:00","1.25","","Desarrollo","","","",""
"Marez","07/04/2024 21:00","07/04/2024 22:30","1.5","","Desarrollo","","","",""
"Marez","08/04/2024 08:30","08/04/2024 09:05","0.58","","Curso Flutter/Firebase","","","",""
"Marez","08/04/2024 09:05","08/04/2024 11:50","2.75","","Curso Flutter/Firebase","","","",""
"Marez","08/04/2024 15:00","08/04/2024 16:25","1.42","","Desarrollo","","","",""
"Marez","08/04/2024 16:30","08/04/2024 17:30","1","","Curso Flutter/Firebase","","","",""
"Marez","08/04/2024 20:20","08/04/2024 21:20","1","","Curso Flutter/Firebase","","","",""
"Marez","11/04/2024 20:30","11/04/2024 21:00","0.5","","Ayuda comunitaria","","","",""
"Marez","11/04/2024 21:00","11/04/2024 21:45","0.75","","Desarrollo","","","",""
"Marez","12/04/2024 08:40","12/04/2024 13:15","4.58","","Curso Flutter/Firebase","","","",""
"Marez","12/04/2024 13:50","12/04/2024 14:15","0.42","","Curso Flutter/Firebase","","","",""
"Marez","12/04/2024 14:20","12/04/2024 15:45","1.42","","Curso Flutter/Firebase","","","",""
"Marez","14/04/2024 21:00","14/04/2024 21:15","0.25","","Ayuda comunitaria","","","",""
"Marez","15/04/2024 10:20","15/04/2024 10:30","0.17","","Curso Flutter/Firebase","","","",""
"Marez","15/04/2024 10:30","15/04/2024 11:15","0.75","","Desarrollo","","","",""
"Marez","15/04/2024 11:15","15/04/2024 12:05","0.83","","Curso Flutter/Firebase","","","",""
"Marez","15/04/2024 13:00","15/04/2024 14:30","1.5","","Curso Flutter/Firebase","","","",""
"Marez","15/04/2024 16:35","15/04/2024 17:35","1","","Desarrollo","","","",""
"Marez","15/04/2024 20:30","15/04/2024 22:00","1.5","","Desarrollo","","","",""
"Marez","16/04/2024 20:30","16/04/2024 22:15","1.75","","Curso Flutter/Firebase","","","",""
"Marez","17/04/2024 20:30","17/04/2024 21:30","1","","Desarrollo","","","",""
"Marez","18/04/2024 06:00","18/04/2024 06:40","0.67","","Desarrollo","","","",""
"Marez","22/04/2024 20:45","22/04/2024 23:00","2.25","","Curso Flutter/Firebase","","","",""
"Marez","23/04/2024 21:00","23/04/2024 21:35","0.58","","Curso Flutter/Firebase","","","",""
"Marez","24/04/2024 21:00","24/04/2024 21:30","0.5","","Curso Flutter/Firebase","","","",""
"Marez","25/04/2024 08:45","25/04/2024 10:45","2","","Curso Flutter/Firebase","","","",""
"Marez","25/04/2024 10:45","25/04/2024 12:30","1.75","","Curso Flutter/Firebase","","","",""
"Marez","25/04/2024 15:15","25/04/2024 16:40","1.42","","Curso Flutter/Firebase","","","",""
"Marez","25/04/2024 16:45","25/04/2024 17:15","0.5","","Ayuda comunitaria","","","",""
"Marez","25/04/2024 21:30","26/04/2024 00:15","2.75","","","","","",""
"Marez","26/04/2024 09:00","26/04/2024 10:30","1.5","","Curso Flutter/Firebase","","","",""
"Marez","26/04/2024 11:25","26/04/2024 12:45","1.33","","Curso Flutter/Firebase","","","",""
"Marez","26/04/2024 13:55","26/04/2024 16:25","2.5","","Curso Flutter/Firebase","","","",""
"Marez","26/04/2024 21:00","26/04/2024 22:55","1.92","","Blogging","","","",""
"Marez","27/04/2024 22:00","27/04/2024 22:55","0.92","","Blogging","","","",""
"Marez","28/04/2024 14:30","28/04/2024 15:00","0.5","","Ayuda comunitaria","","","",""
"Marez","28/04/2024 15:00","28/04/2024 16:00","1","","Blogging","","","",""
"Marez","28/04/2024 21:30","28/04/2024 23:05","1.58","","Blogging","","","",""
"Marez","29/04/2024 10:35","29/04/2024 13:15","2.67","","Curso Flutter/Firebase","","","",""
"Marez","29/04/2024 15:50","29/04/2024 16:15","0.42","","Promoción","","","",""
"Marez","29/04/2024 16:15","29/04/2024 17:20","1.08","","Curso Flutter/Firebase","","","",""
"Marez","01/05/2024 20:30","01/05/2024 22:00","1.5","","Desarrollo","","","",""
"Marez","02/05/2024 21:15","02/05/2024 23:00","1.75","","Curso Flutter/Firebase","","","",""
"Marez","03/05/2024 08:25","03/05/2024 10:00","1.58","","Curso Flutter/Firebase","","","",""
"Marez","03/05/2024 13:10","03/05/2024 16:05","2.92","","Curso Flutter/Firebase","","","",""
"Marez","04/05/2024 21:00","04/05/2024 22:00","1","","Desarrollo","","","",""
"Marez","07/05/2024 22:00","07/05/2024 23:00","1","","Promoción","","","",""
"Marez","08/05/2024 21:00","08/05/2024 22:00","1","","","","","",""
"Marez","09/05/2024 21:00","09/05/2024 21:30","0.5","","Desarrollo","","","",""
"Marez","10/05/2024 09:00","10/05/2024 12:25","3.42","","Promoción","","","",""
"Marez","10/05/2024 13:30","10/05/2024 15:25","1.92","","Curso Flutter/Firebase","","","",""
"Marez","11/05/2024 11:30","11/05/2024 12:30","1","","","","","",""
"Marez","11/05/2024 16:00","11/05/2024 17:20","1.33","","Desarrollo","","","",""
"Marez","11/05/2024 20:45","11/05/2024 21:45","1","","Blogging","","","",""
"Marez","12/05/2024 17:30","12/05/2024 18:00","0.5","","Ayuda comunitaria","","","",""
"Marez","12/05/2024 20:30","12/05/2024 22:00","1.5","","Blogging","","","",""
"Marez","13/05/2024 10:45","13/05/2024 12:40","1.92","","Promoción","","","",""
"Marez","13/05/2024 13:10","13/05/2024 14:15","1.08","","Promoción","","","",""
"Marez","13/05/2024 14:15","13/05/2024 16:45","2.5","","Curso Flutter/Firebase","","","",""
"Marez","13/05/2024 21:00","13/05/2024 21:35","0.58","","","","","",""
"Marez","14/05/2024 21:05","14/05/2024 21:40","0.58","","Desarrollo","","","",""
"Marez","16/05/2024 08:45","16/05/2024 09:30","0.75","","Desarrollo","","","",""
"Marez","16/05/2024 15:00","16/05/2024 16:30","1.5","","Curso Flutter/Firebase","","","",""
"Marez","16/05/2024 20:30","16/05/2024 21:50","1.33","","","","","",""
"Marez","17/05/2024 08:45","17/05/2024 09:00","0.25","","Ayuda comunitaria","","","",""
"Marez","17/05/2024 09:00","17/05/2024 12:55","3.92","","Curso Flutter/Firebase","","","",""
"Marez","17/05/2024 13:45","17/05/2024 14:45","1","","Curso Flutter/Firebase","","","",""
"Marez","17/05/2024 14:45","17/05/2024 15:10","0.42","","Curso Flutter/Firebase","","","",""
"Marez","17/05/2024 15:10","17/05/2024 16:10","1","","Blogging","","","",""
"Marez","17/05/2024 16:10","17/05/2024 16:40","0.5","","","","","",""
"Marez","17/05/2024 21:00","17/05/2024 22:00","1","","Desarrollo","","","",""
"Marez","19/05/2024 20:30","19/05/2024 21:00","0.5","","Configurar página web","","","",""
"Marez","19/05/2024 21:00","19/05/2024 21:05","0.08","","Ayuda comunitaria","","","",""
"Marez","20/05/2024 08:30","20/05/2024 09:00","0.5","","Promoción","","","",""
"Marez","20/05/2024 09:05","20/05/2024 12:15","3.17","","Curso Flutter/Firebase","","","",""
"Marez","20/05/2024 13:00","20/05/2024 14:40","1.67","","Curso Flutter/Firebase","","","",""
"Marez","20/05/2024 14:45","20/05/2024 15:25","0.67","","Blogging","","","",""
"Marez","20/05/2024 21:00","20/05/2024 21:30","0.5","","Blogging","","","",""
"Marez","21/05/2024 20:45","21/05/2024 22:00","1.25","","Blogging","","","",""
"Marez","22/05/2024 21:10","22/05/2024 21:40","0.5","","Ayuda comunitaria","","","",""
"Marez","24/05/2024 11:30","24/05/2024 12:10","0.67","","Curso Flutter/Firebase","","","",""
"Marez","24/05/2024 12:45","24/05/2024 13:40","0.92","","Curso Flutter/Firebase","","","",""
"Marez","24/05/2024 13:40","24/05/2024 15:25","1.75","","","","","",""
"Marez","24/05/2024 21:15","24/05/2024 22:45","1.5","","Configurar página web","","","",""
"Marez","26/05/2024 21:00","26/05/2024 22:25","1.42","","Blogging","","","",""
"Marez","27/05/2024 21:00","27/05/2024 21:45","0.75","","","","","",""
"Marez","30/05/2024 16:00","30/05/2024 17:00","1","","Curso Flutter/Firebase","","","",""
"Marez","31/05/2024 08:30","31/05/2024 10:30","2","","Curso Flutter/Firebase","","","",""
"Marez","31/05/2024 11:30","31/05/2024 12:45","1.25","","Blogging","","","",""
"Marez","31/05/2024 13:40","31/05/2024 14:40","1","","Blogging","","","",""
"Marez","31/05/2024 21:45","31/05/2024 22:00","0.25","","Blogging","","","",""
"Marez","01/06/2024 11:40","01/06/2024 12:10","0.5","","Ayuda comunitaria","","","",""
"Marez","02/06/2024 20:30","02/06/2024 20:45","0.25","","Ayuda comunitaria","","","",""
"Marez","03/06/2024 08:25","03/06/2024 09:25","1","","Blogging","","","",""
"Marez","03/06/2024 09:30","03/06/2024 12:45","3.25","","Curso Flutter/Firebase","","","",""
"Marez","03/06/2024 14:00","03/06/2024 16:55","2.92","","Curso Flutter/Firebase","","","",""
"Marez","04/06/2024 21:20","04/06/2024 22:25","1.08","","Blogging","","","",""
"Marez","05/06/2024 20:00","05/06/2024 20:30","0.5","","Ayuda comunitaria","","","",""
"Marez","06/06/2024 10:50","06/06/2024 12:45","1.92","","Curso Flutter/Firebase","","","",""
"Marez","06/06/2024 13:40","06/06/2024 15:10","1.5","","Curso Flutter/Firebase","","","",""
"Marez","06/06/2024 17:30","06/06/2024 18:45","1.25","","Curso Flutter/Firebase","","","",""
"Marez","07/06/2024 08:30","07/06/2024 08:50","0.33","","Curso Flutter/Firebase","","","",""
"Marez","07/06/2024 16:40","07/06/2024 17:30","0.83","","Blogging","","","",""
"Marez","08/06/2024 21:00","08/06/2024 23:00","2","","Blogging","","","",""
"Marez","09/06/2024 21:40","09/06/2024 22:35","0.92","","Blogging","","","",""
"Marez","10/06/2024 08:40","10/06/2024 09:35","0.92","","Blogging","","","",""
"Marez","10/06/2024 09:45","10/06/2024 10:45","1","","Curso Flutter/Firebase","","","",""
"Marez","10/06/2024 10:45","10/06/2024 12:30","1.75","","Curso Flutter/Firebase","","","",""
"Marez","10/06/2024 13:05","10/06/2024 14:45","1.67","","Curso Flutter/Firebase","","","",""
"Marez","10/06/2024 17:00","10/06/2024 17:20","0.33","","Curso Flutter/Firebase","","","",""
"Marez","14/06/2024 08:45","14/06/2024 09:55","1.17","","Curso Flutter/Firebase","","","",""
"Marez","14/06/2024 10:35","14/06/2024 12:35","2","","Producción YouTube","","","",""
"Marez","14/06/2024 13:35","14/06/2024 15:30","1.92","","Producción YouTube","","","",""
"Marez","14/06/2024 15:30","14/06/2024 15:55","0.42","","Curso Flutter/Firebase","","","",""
"Marez","14/06/2024 17:05","14/06/2024 17:35","0.5","","Desarrollo","","","",""
"Marez","14/06/2024 20:55","14/06/2024 21:55","1","","Desarrollo","","","",""
"Marez","15/06/2024 05:00","15/06/2024 06:30","1.5","","Desarrollo","","","",""
"Marez","15/06/2024 16:40","15/06/2024 17:05","0.42","","Desarrollo","","","",""
"Marez","15/06/2024 17:15","15/06/2024 18:00","0.75","","Desarrollo","","","",""
"Marez","17/06/2024 09:30","17/06/2024 10:00","0.5","","Curso Flutter/Firebase","","","",""
"Marez","17/06/2024 10:00","17/06/2024 11:00","1","","Blogging","","","",""
"Marez","17/06/2024 16:55","17/06/2024 17:55","1","","Blogging","","","",""
"Marez","18/06/2024 09:00","18/06/2024 11:05","2.08","","Producción YouTube","","","",""
"Marez","18/06/2024 11:05","18/06/2024 12:35","1.5","","Producción YouTube","","","",""
"Marez","18/06/2024 13:30","18/06/2024 16:10","2.67","","Producción YouTube","","","",""
"Marez","01/07/2024 09:15","01/07/2024 09:40","0.42","","Ayuda comunitaria","","","",""
"Marez","01/07/2024 09:40","01/07/2024 11:20","1.67","","Curso Flutter/Firebase","","","",""
"Marez","01/07/2024 13:25","01/07/2024 13:55","0.5","","Curso Flutter/Firebase","","","",""
"Marez","01/07/2024 13:55","01/07/2024 14:10","0.25","","Ayuda comunitaria","","","",""
"Marez","01/07/2024 14:10","01/07/2024 14:20","0.17","","Promoción","","","",""
"Marez","01/07/2024 14:25","01/07/2024 15:45","1.33","","Curso Flutter/Firebase","","","",""
"Marez","01/07/2024 15:45","01/07/2024 16:00","0.25","","Curso Flutter/Firebase","","","",""
"Marez","01/07/2024 16:00","01/07/2024 16:35","0.58","","","","","",""
"Marez","03/07/2024 08:45","03/07/2024 11:55","3.17","","Curso Flutter/Firebase","","","",""
"Marez","03/07/2024 14:15","03/07/2024 15:00","0.75","","Curso Flutter/Firebase","","","",""
"Marez","03/07/2024 15:40","03/07/2024 16:20","0.67","","Curso Flutter/Firebase","","","",""
"Marez","03/07/2024 16:20","03/07/2024 17:40","1.33","","Curso Flutter/Firebase","","","",""
"Marez","03/07/2024 21:00","03/07/2024 21:10","0.17","","Curso Flutter/Firebase","","","",""
"Marez","04/07/2024 09:05","04/07/2024 12:25","3.33","","Curso Flutter/Firebase","","","",""
"Marez","04/07/2024 15:15","04/07/2024 16:30","1.25","","Curso Flutter/Firebase","","","",""
"Marez","04/07/2024 16:30","04/07/2024 17:05","0.58","","Curso Flutter/Firebase","","","",""
"Marez","04/07/2024 21:15","04/07/2024 22:00","0.75","","Curso Flutter/Firebase","","","",""
"Marez","05/07/2024 13:00","05/07/2024 17:20","4.33","","Curso Flutter/Firebase","","","",""
"Marez","08/07/2024 10:30","08/07/2024 12:50","2.33","","Producción YouTube","","","",""
"Marez","08/07/2024 14:10","08/07/2024 17:30","3.33","","","","","",""
"Marez","08/07/2024 20:35","08/07/2024 22:00","1.42","","","","","",""
"Marez","08/07/2024 22:20","08/07/2024 22:50","0.5","","Ayuda comunitaria","","","",""
"Marez","09/07/2024 05:40","09/07/2024 07:20","1.67","","Blogging","","","",""
"Marez","09/07/2024 08:55","09/07/2024 11:05","2.17","","Blogging","","","",""
"Marez","09/07/2024 14:50","09/07/2024 15:10","0.33","","Desarrollo","","","",""
"Marez","09/07/2024 15:10","09/07/2024 16:00","0.83","","Curso Flutter/Firebase","","","",""
"Marez","09/07/2024 16:00","09/07/2024 16:20","0.33","","Curso Flutter/Firebase","","","",""
"Marez","11/07/2024 08:50","11/07/2024 09:15","0.42","","Ayuda comunitaria","","","",""
"Marez","11/07/2024 09:15","11/07/2024 11:25","2.17","","","","","",""
"Marez","11/07/2024 14:35","11/07/2024 16:00","1.42","","Curso Flutter/Firebase","","","",""
"Marez","11/07/2024 17:00","11/07/2024 17:25","0.42","","Curso Flutter/Firebase","","","",""
"Marez","11/07/2024 17:25","11/07/2024 17:50","0.42","","Desarrollo","","","",""
"Marez","12/07/2024 08:45","12/07/2024 10:25","1.67","","Curso Flutter/Firebase","","","",""
"Marez","12/07/2024 10:25","12/07/2024 11:00","0.58","","Desarrollo","","","",""
"Marez","12/07/2024 14:00","12/07/2024 14:40","0.67","","Curso Flutter/Firebase","","","",""
"Marez","12/07/2024 14:40","12/07/2024 15:20","0.67","","Desarrollo","","","",""
"Marez","12/07/2024 15:20","12/07/2024 16:20","1","","Desarrollo","","","",""
"Marez","15/07/2024 10:35","15/07/2024 12:30","1.92","","Producción YouTube","","","",""
"Marez","15/07/2024 15:00","15/07/2024 16:20","1.33","","Curso Flutter/Firebase","","","",""
"Marez","15/07/2024 23:30","16/07/2024 00:00","0.5","","Ayuda comunitaria","","","",""
"Marez","16/07/2024 08:35","16/07/2024 11:15","2.67","","Producción YouTube","","","",""
"Marez","16/07/2024 13:00","16/07/2024 13:30","0.5","","Desarrollo","","","",""
"Marez","16/07/2024 13:30","16/07/2024 15:05","1.58","","Curso Flutter/Firebase","","","",""
"Marez","16/07/2024 15:40","16/07/2024 17:05","1.42","","Producción YouTube","","","",""
"Marez","17/07/2024 16:00","17/07/2024 17:00","1","","Blogging","","","",""
"Marez","18/07/2024 09:05","18/07/2024 10:25","1.33","","Producción YouTube","","","",""
"Marez","18/07/2024 10:30","18/07/2024 11:00","0.5","","Desarrollo","","","",""
"Marez","18/07/2024 11:00","18/07/2024 11:30","0.5","","Curso Flutter/Firebase","","","",""
"Marez","18/07/2024 13:55","18/07/2024 14:15","0.33","","Ayuda comunitaria","","","",""
"Marez","18/07/2024 14:15","18/07/2024 15:45","1.5","","Curso Flutter/Firebase","","","",""
"Marez","18/07/2024 15:45","18/07/2024 16:05","0.33","","Producción YouTube","","","",""
"Marez","18/07/2024 16:10","18/07/2024 17:00","0.83","","Curso Flutter/Firebase","","","",""
"Marez","19/07/2024 06:15","19/07/2024 07:30","1.25","","Blogging","","","",""
"Marez","19/07/2024 09:00","19/07/2024 10:00","1","","Producción YouTube","","","",""
"Marez","19/07/2024 10:00","19/07/2024 12:10","2.17","","Curso Flutter/Firebase","","","",""
"Marez","19/07/2024 13:00","19/07/2024 14:00","1","","Curso Flutter/Firebase","","","",""
"Marez","19/07/2024 14:10","19/07/2024 14:30","0.33","","Blogging","","","",""
"Marez","21/07/2024 21:05","21/07/2024 21:55","0.83","","Curso Flutter/Firebase","","","",""
"Marez","22/07/2024 07:30","22/07/2024 08:10","0.67","","Blogging","","","",""
"Marez","22/07/2024 10:00","22/07/2024 11:10","1.17","","Promoción","","","",""
"Marez","22/07/2024 11:30","22/07/2024 12:10","0.67","","Curso Flutter/Firebase","","","",""
"Marez","22/07/2024 15:00","22/07/2024 17:00","2","","Curso Flutter/Firebase","","","",""
"Marez","22/07/2024 21:50","22/07/2024 23:00","1.17","","Curso Flutter/Firebase","","","",""
"Marez","23/07/2024 07:30","23/07/2024 08:05","0.58","","Curso Flutter/Firebase","","","",""
"Marez","23/07/2024 10:45","23/07/2024 11:45","1","","","","","",""
"Marez","23/07/2024 13:30","23/07/2024 14:40","1.17","","Curso Flutter/Firebase","","","",""
"Marez","23/07/2024 15:50","23/07/2024 16:20","0.5","","Curso Flutter/Firebase","","","",""
"Marez","27/07/2024 13:45","27/07/2024 14:45","1","","Ayuda comunitaria","","","",""
"Marez","27/07/2024 14:45","27/07/2024 15:00","0.25","","Curso Flutter/Firebase","","","",""
"Marez","27/07/2024 21:00","27/07/2024 21:40","0.67","","Ayuda comunitaria","","","",""
"Marez","28/07/2024 09:30","28/07/2024 11:15","1.75","","Desarrollo","","","",""
"Marez","28/07/2024 20:45","28/07/2024 21:25","0.67","","Desarrollo","","","",""
"Marez","29/07/2024 08:45","29/07/2024 09:35","0.83","","Curso Flutter/Firebase","","","",""
"Marez","29/07/2024 09:35","29/07/2024 11:00","1.42","","Curso Flutter/Firebase","","","",""
"Marez","29/07/2024 13:35","29/07/2024 15:50","2.25","","Curso Flutter/Firebase","","","",""
"Marez","29/07/2024 16:00","29/07/2024 17:00","1","","Curso Flutter/Firebase","","","",""
"Marez","29/07/2024 21:15","29/07/2024 22:20","1.08","","Desarrollo","","","",""
"Marez","30/07/2024 20:50","30/07/2024 21:30","0.67","","Curso Flutter/Firebase","","","",""
"Marez","31/07/2024 08:15","31/07/2024 08:30","0.25","","Ayuda comunitaria","","","",""
"Marez","31/07/2024 08:30","31/07/2024 12:15","3.75","","Curso Flutter/Firebase","","","",""
"Marez","31/07/2024 13:15","31/07/2024 14:50","1.58","","Curso Flutter/Firebase","","","",""
"Marez","31/07/2024 14:55","31/07/2024 17:00","2.08","","Curso Flutter/Firebase","","","",""
"Marez","31/07/2024 21:00","31/07/2024 22:05","1.08","","Desarrollo","","","",""
"Marez","01/08/2024 08:30","01/08/2024 08:50","0.33","","Curso Flutter/Firebase","","","",""
"Marez","01/08/2024 14:15","01/08/2024 14:35","0.33","","Curso Flutter/Firebase","","","",""
"Marez","01/08/2024 14:45","01/08/2024 16:25","1.67","","Desarrollo","","","",""
"Marez","01/08/2024 21:00","01/08/2024 22:15","1.25","","Desarrollo","","","",""
"Marez","02/08/2024 21:00","02/08/2024 22:00","1","","Desarrollo","","","",""
"Marez","03/08/2024 06:45","03/08/2024 08:00","1.25","","","","","",""
"Marez","03/08/2024 09:00","03/08/2024 09:30","0.5","","Desarrollo","","","",""
"Marez","03/08/2024 20:45","03/08/2024 21:10","0.42","","Desarrollo","","","",""
"Marez","04/08/2024 17:40","04/08/2024 18:25","0.75","","Desarrollo","","","",""
"Marez","05/08/2024 08:30","05/08/2024 08:45","0.25","","Curso Flutter/Firebase","","","",""
"Marez","05/08/2024 08:45","05/08/2024 10:50","2.08","","Curso Flutter/Firebase","","","",""
"Marez","05/08/2024 11:20","05/08/2024 12:25","1.08","","Curso Flutter/Firebase","","","",""
"Marez","05/08/2024 12:55","05/08/2024 14:05","1.17","","Curso Flutter/Firebase","","","",""
"Marez","05/08/2024 14:15","05/08/2024 14:35","0.33","","Curso Flutter/Firebase","","","",""
"Marez","05/08/2024 14:50","05/08/2024 15:55","1.08","","Curso Flutter/Firebase","","","",""
"Marez","05/08/2024 16:00","05/08/2024 16:55","0.92","","Curso Flutter/Firebase","","","",""
"Marez","05/08/2024 21:00","05/08/2024 22:20","1.33","","Desarrollo","","","",""
"Marez","06/08/2024 07:30","06/08/2024 08:20","0.83","","Curso Flutter/Firebase","","","",""
"Marez","06/08/2024 09:35","06/08/2024 10:40","1.08","","Curso Flutter/Firebase","","","",""
"Marez","06/08/2024 10:40","06/08/2024 11:20","0.67","","Desarrollo","","","",""
"Marez","06/08/2024 13:30","06/08/2024 14:30","1","","Curso Flutter/Firebase","","","",""
"Marez","06/08/2024 14:40","06/08/2024 16:20","1.67","","Curso Flutter/Firebase","","","",""
"Marez","06/08/2024 17:40","06/08/2024 17:55","0.25","","","","","",""
"Marez","07/08/2024 21:00","07/08/2024 22:00","1","","Ayuda comunitaria","","","",""
"Marez","08/08/2024 07:45","08/08/2024 08:05","0.33","","Curso Flutter/Firebase","","","",""
"Marez","08/08/2024 08:20","08/08/2024 11:25","3.08","","Curso Flutter/Firebase","","","",""
"Marez","08/08/2024 12:00","08/08/2024 12:40","0.67","","Curso Flutter/Firebase","","","",""
"Marez","08/08/2024 14:00","08/08/2024 15:40","1.67","","Desarrollo","","","",""
"Marez","08/08/2024 17:00","08/08/2024 18:00","1","","Ayuda comunitaria","","","",""
"Marez","09/08/2024 09:00","09/08/2024 10:15","1.25","","Desarrollo","","","",""
"Marez","09/08/2024 10:15","09/08/2024 12:30","2.25","","Producción YouTube","","","",""
"Marez","09/08/2024 13:05","09/08/2024 14:40","1.58","","Producción YouTube","","","",""
"Marez","09/08/2024 14:40","09/08/2024 15:55","1.25","","Producción YouTube","","","",""
"Marez","09/08/2024 16:05","09/08/2024 16:45","0.67","","Promoción","","","",""
"Marez","11/08/2024 20:25","11/08/2024 20:35","0.17","","Producción YouTube","","","",""
"Marez","12/08/2024 10:35","12/08/2024 11:10","0.58","","Promoción","","","",""
"Marez","12/08/2024 11:20","12/08/2024 12:45","1.42","","Curso Flutter/Firebase","","","",""
"Marez","12/08/2024 13:40","12/08/2024 16:30","2.83","","Desarrollo","","","",""
"Marez","12/08/2024 16:30","12/08/2024 17:05","0.58","","Curso Flutter/Firebase","","","",""
"Marez","13/08/2024 08:35","13/08/2024 10:00","1.42","","Curso Flutter/Firebase","","","",""
"Marez","13/08/2024 10:00","13/08/2024 10:55","0.92","","Curso Flutter/Firebase","","","",""
"Marez","13/08/2024 12:45","13/08/2024 14:50","2.08","","Curso Flutter/Firebase","","","",""
"Marez","13/08/2024 15:05","13/08/2024 16:15","1.17","","Curso Flutter/Firebase","","","",""
"Marez","13/08/2024 20:50","13/08/2024 21:20","0.5","","Curso Flutter/Firebase","","","",""
"Marez","14/08/2024 08:25","14/08/2024 09:50","1.42","","Curso Flutter/Firebase","","","",""
"Marez","14/08/2024 10:05","14/08/2024 10:50","0.75","","Curso Flutter/Firebase","","","",""
"Marez","14/08/2024 11:05","14/08/2024 12:25","1.33","","Curso Flutter/Firebase","","","",""
"Marez","14/08/2024 13:45","14/08/2024 14:15","0.5","","Curso Flutter/Firebase","","","",""
"Marez","14/08/2024 15:40","14/08/2024 16:50","1.17","","Curso Flutter/Firebase","","","",""
"Marez","15/08/2024 10:00","15/08/2024 12:25","2.42","","Curso Flutter/Firebase","","","",""
"Marez","15/08/2024 16:30","15/08/2024 17:55","1.42","","Curso Flutter/Firebase","","","",""
"Marez","15/08/2024 21:00","15/08/2024 22:10","1.17","","Curso Flutter/Firebase","","","",""
"Marez","16/08/2024 10:45","16/08/2024 12:40","1.92","","Curso Flutter/Firebase","","","",""
"Marez","16/08/2024 13:35","16/08/2024 15:10","1.58","","Curso Flutter/Firebase","","","",""
"Marez","16/08/2024 15:15","16/08/2024 15:45","0.5","","Desarrollo","","","",""
"Marez","16/08/2024 15:30","16/08/2024 16:30","1","","Curso Flutter/Firebase","","","",""
"Marez","16/08/2024 21:10","16/08/2024 21:35","0.42","","Desarrollo","","","",""
"Marez","17/08/2024 17:20","17/08/2024 18:05","0.75","","Desarrollo","","","",""
"Marez","17/08/2024 18:05","17/08/2024 18:20","0.25","","Ayuda comunitaria","","","",""
"Marez","17/08/2024 21:00","17/08/2024 21:25","0.42","","Curso Flutter/Firebase","","","",""
"Marez","17/08/2024 22:15","17/08/2024 22:40","0.42","","Ayuda comunitaria","","","",""
"Marez","18/08/2024 17:40","18/08/2024 18:10","0.5","","Ayuda comunitaria","","","",""
"Marez","19/08/2024 08:45","19/08/2024 12:10","3.42","","Curso Flutter/Firebase","","","",""
"Marez","19/08/2024 13:35","19/08/2024 15:40","2.08","","Curso Flutter/Firebase","","","",""
"Marez","19/08/2024 15:50","19/08/2024 16:50","1","","Curso Flutter/Firebase","","","",""
"Marez","20/08/2024 08:25","20/08/2024 12:00","3.58","","Curso Flutter/Firebase","","","",""
"Marez","20/08/2024 12:40","20/08/2024 14:30","1.83","","Curso Flutter/Firebase","","","",""
"Marez","20/08/2024 14:40","20/08/2024 15:20","0.67","","Curso Flutter/Firebase","","","",""
"Marez","20/08/2024 21:50","20/08/2024 22:00","0.17","","Ayuda comunitaria","","","",""
"Marez","20/08/2024 22:00","20/08/2024 23:05","1.08","","Curso Flutter/Firebase","","","",""
"Marez","21/08/2024 07:50","21/08/2024 08:35","0.75","","Curso Flutter/Firebase","","","",""
"Marez","21/08/2024 09:00","21/08/2024 12:20","3.33","","Curso Flutter/Firebase","","","",""
"Marez","21/08/2024 13:00","21/08/2024 14:05","1.08","","Curso Flutter/Firebase","","","",""
"Marez","21/08/2024 14:05","21/08/2024 16:00","1.92","","Curso Flutter/Firebase","","","",""
"Marez","21/08/2024 16:00","21/08/2024 17:00","1","","Curso Flutter/Firebase","","","",""
"Marez","21/08/2024 21:10","21/08/2024 22:25","1.25","","Desarrollo","","","",""
"Marez","22/08/2024 06:30","22/08/2024 08:05","1.58","","Curso Flutter/Firebase","","","",""
"Marez","22/08/2024 09:00","22/08/2024 12:15","3.25","","Curso Flutter/Firebase","","","",""
"Marez","22/08/2024 12:50","22/08/2024 14:00","1.17","","Curso Flutter/Firebase","","","",""
"Marez","22/08/2024 16:10","22/08/2024 17:30","1.33","","Ayuda comunitaria","","","",""
"Marez","22/08/2024 17:30","22/08/2024 17:55","0.42","","","","","",""
"Marez","23/08/2024 09:05","23/08/2024 11:50","2.75","","Configurar página web","","","",""
"Marez","28/08/2024 22:00","28/08/2024 22:30","0.5","","","","","",""
"Marez","29/08/2024 07:30","29/08/2024 08:00","0.5","","Promoción","","","",""
"Marez","30/08/2024 21:00","30/08/2024 22:00","1","","Promoción","","","",""
"Marez","01/09/2024 22:00","01/09/2024 22:30","0.5","","Ayuda comunitaria","","","",""
"Marez","01/09/2024 22:30","01/09/2024 22:45","0.25","","Promoción","","","",""
"Marez","04/09/2024 14:40","04/09/2024 15:50","1.17","","Promoción","","","",""
"Marez","04/09/2024 15:50","04/09/2024 16:50","1","","Promoción","","","",""
"Marez","04/09/2024 21:00","04/09/2024 21:30","0.5","","Ayuda comunitaria","","","",""
"Marez","05/09/2024 06:30","05/09/2024 07:00","0.5","","Promoción","","","",""
"Marez","05/09/2024 10:30","05/09/2024 11:15","0.75","","","","","",""
"Marez","05/09/2024 16:05","05/09/2024 16:50","0.75","","","","","",""
"Marez","06/09/2024 07:05","06/09/2024 07:45","0.67","","Desarrollo","","","",""
"Marez","06/09/2024 08:30","06/09/2024 10:30","2","","Producción YouTube","","","",""
"Marez","06/09/2024 11:15","06/09/2024 12:25","1.17","","Desarrollo","","","",""
"Marez","06/09/2024 17:00","06/09/2024 18:45","1.75","","Desarrollo","","","",""
"Marez","07/09/2024 11:15","07/09/2024 11:45","0.5","","","","","",""
"Marez","08/09/2024 20:15","08/09/2024 21:30","1.25","","Ayuda comunitaria","","","",""
"Marez","09/09/2024 08:50","09/09/2024 10:35","1.75","","Promoción","","","",""
"Marez","09/09/2024 10:40","09/09/2024 11:15","0.58","","Ayuda comunitaria","","","",""
"Marez","09/09/2024 11:15","09/09/2024 12:40","1.42","","Promoción","","","",""
"Marez","09/09/2024 13:40","09/09/2024 16:55","3.25","","Promoción","","","",""
"Marez","10/09/2024 08:55","10/09/2024 09:35","0.67","","Ayuda comunitaria","","","",""
"Marez","10/09/2024 14:00","10/09/2024 14:30","0.5","","Ayuda comunitaria","","","",""
"Marez","10/09/2024 14:30","10/09/2024 15:20","0.83","","Configurar página web","","","",""
"Marez","10/09/2024 15:25","10/09/2024 15:40","0.25","","Promoción","","","",""
"Marez","11/09/2024 09:05","11/09/2024 09:25","0.33","","","","","",""
"Marez","11/09/2024 09:25","11/09/2024 09:45","0.33","","Curso Flutter/Firebase","","","",""
"Marez","11/09/2024 09:45","11/09/2024 10:20","0.58","","","","","",""
"Marez","11/09/2024 10:20","11/09/2024 13:15","2.92","","Curso Flutter/Firebase","","","",""
"Marez","11/09/2024 15:35","11/09/2024 17:35","2","","Curso Flutter/Firebase","","","",""
"Marez","11/09/2024 17:35","11/09/2024 17:55","0.33","","","","","",""
"Marez","11/09/2024 21:35","11/09/2024 21:55","0.33","","Ayuda comunitaria","","","",""
"Marez","12/09/2024 08:45","12/09/2024 11:25","2.67","","Curso Flutter/Firebase","","","",""
"Marez","12/09/2024 11:25","12/09/2024 12:20","0.92","","Curso Flutter/Firebase","","","",""
"Marez","12/09/2024 13:25","12/09/2024 14:55","1.5","","Curso Flutter/Firebase","","","",""
"Marez","12/09/2024 14:55","12/09/2024 15:15","0.33","","Curso Flutter/Firebase","","","",""
"Marez","12/09/2024 20:45","12/09/2024 21:15","0.5","","Ayuda comunitaria","","","",""
"Marez","13/09/2024 09:00","13/09/2024 13:10","4.17","","Curso Flutter/Firebase","","","",""
"Marez","13/09/2024 21:00","13/09/2024 21:20","0.33","","","","","",""
"Marez","14/09/2024 07:20","14/09/2024 07:45","0.42","","Ayuda comunitaria","","","",""
"Marez","16/09/2024 09:05","16/09/2024 11:00","1.92","","Curso Flutter/Firebase","","","",""
"Marez","16/09/2024 11:00","16/09/2024 12:30","1.5","","Curso Flutter/Firebase","","","",""
"Marez","16/09/2024 13:10","16/09/2024 15:25","2.25","","Curso Flutter/Firebase","","","",""
"Marez","16/09/2024 15:30","16/09/2024 16:55","1.42","","Curso Flutter/Firebase","","","",""
"Marez","16/09/2024 18:30","16/09/2024 21:30","3","","Ayuda comunitaria","","","",""
"Marez","17/09/2024 08:50","17/09/2024 11:40","2.83","","Curso Flutter/Firebase","","","",""
"Marez","17/09/2024 11:40","17/09/2024 12:00","0.33","","Ayuda comunitaria","","","",""
"Marez","17/09/2024 13:40","17/09/2024 15:35","1.92","","Curso Flutter/Firebase","","","",""
"Marez","17/09/2024 15:35","17/09/2024 16:05","0.5","","","","","",""
"Marez","17/09/2024 21:00","17/09/2024 22:00","1","","Curso Flutter/Firebase","","","",""
"Marez","18/09/2024 10:55","18/09/2024 11:45","0.83","","Curso Flutter/Firebase","","","",""
"Marez","18/09/2024 11:50","18/09/2024 12:10","0.33","","Curso Flutter/Firebase","","","",""
"Marez","18/09/2024 12:55","18/09/2024 14:45","1.83","","Curso Flutter/Firebase","","","",""
"Marez","18/09/2024 14:45","18/09/2024 16:30","1.75","","Curso Flutter/Firebase","","","",""
"Marez","19/09/2024 09:45","19/09/2024 10:50","1.08","","Promoción","","","",""
"Marez","19/09/2024 11:05","19/09/2024 12:00","0.92","","Producción YouTube","","","",""
"Marez","19/09/2024 14:50","19/09/2024 15:20","0.5","","Ayuda comunitaria","","","",""
"Marez","19/09/2024 15:20","19/09/2024 16:40","1.33","","Producción YouTube","","","",""
"Marez","19/09/2024 17:05","19/09/2024 17:50","0.75","","Desarrollo","","","",""
"Marez","19/09/2024 21:00","19/09/2024 21:30","0.5","","Ayuda comunitaria","","","",""
"Marez","20/09/2024 09:45","20/09/2024 10:00","0.25","","","","","",""
"Marez","20/09/2024 10:00","20/09/2024 11:20","1.33","","Producción YouTube","","","",""
"Marez","20/09/2024 16:15","20/09/2024 17:00","0.75","","Producción YouTube","","","",""
"Marez","21/09/2024 21:00","21/09/2024 21:30","0.5","","Ayuda comunitaria","","","",""
"Marez","23/09/2024 09:00","23/09/2024 10:00","1","","Producción YouTube","","","",""
"Marez","23/09/2024 10:00","23/09/2024 11:00","1","","Producción YouTube","","","",""
"Marez","23/09/2024 11:25","23/09/2024 12:30","1.08","","Configurar página web","","","",""
"Marez","23/09/2024 15:00","23/09/2024 16:35","1.58","","Producción YouTube","","","",""
"Marez","23/09/2024 16:45","23/09/2024 17:00","0.25","","Ayuda comunitaria","","","",""
"Marez","23/09/2024 17:00","23/09/2024 17:45","0.75","","Configurar página web","","","",""
"Marez","24/09/2024 09:10","24/09/2024 11:20","2.17","","Producción YouTube","","","",""
"Marez","24/09/2024 11:20","24/09/2024 12:05","0.75","","Producción YouTube","","","",""
"Marez","24/09/2024 13:20","24/09/2024 13:55","0.58","","Producción YouTube","","","",""
"Marez","24/09/2024 14:30","24/09/2024 14:45","0.25","","Ayuda comunitaria","","","",""
"Marez","24/09/2024 15:45","24/09/2024 17:15","1.5","","Configurar página web","","","",""
"Marez","24/09/2024 21:00","24/09/2024 21:45","0.75","","Configurar página web","","","",""
"Marez","25/09/2024 09:05","25/09/2024 09:15","0.17","","","","","",""
"Marez","25/09/2024 09:15","25/09/2024 09:40","0.42","","Ayuda comunitaria","","","",""
"Marez","25/09/2024 09:40","25/09/2024 10:40","1","","","","","",""
"Marez","25/09/2024 13:05","25/09/2024 16:05","3","","Producción YouTube","","","",""
"Marez","26/09/2024 09:00","26/09/2024 09:35","0.58","","Patrocinadores","","","",""
"Marez","26/09/2024 09:35","26/09/2024 12:45","3.17","","Producción YouTube","","","",""
"Marez","26/09/2024 13:45","26/09/2024 15:10","1.42","","Producción YouTube","","","",""
"Marez","26/09/2024 15:20","26/09/2024 16:00","0.67","","Producción YouTube","","","",""
"Marez","26/09/2024 20:00","26/09/2024 20:40","0.67","","Patrocinadores","","","",""
"Marez","26/09/2024 20:40","26/09/2024 20:50","0.17","","Ayuda comunitaria","","","",""
"Marez","26/09/2024 21:00","26/09/2024 21:10","0.17","","Patrocinadores","","","",""
"Marez","27/09/2024 09:00","27/09/2024 10:35","1.58","","Producción YouTube","","","",""
"Marez","27/09/2024 10:40","27/09/2024 12:15","1.58","","Producción YouTube","","","",""
"Marez","27/09/2024 13:00","27/09/2024 13:40","0.67","","Producción YouTube","","","",""
"Marez","27/09/2024 13:40","27/09/2024 13:55","0.25","","Producción YouTube","","","",""
"Marez","27/09/2024 15:00","27/09/2024 15:35","0.58","","Desarrollo","","","",""
"Marez","28/09/2024 13:50","28/09/2024 14:50","1","","Desarrollo","","","",""
"Marez","28/09/2024 16:00","28/09/2024 17:00","1","","Desarrollo","","","",""
"Marez","29/09/2024 13:00","29/09/2024 14:55","1.92","","Producción YouTube","","","",""
"Marez","30/09/2024 07:45","30/09/2024 08:35","0.83","","Producción YouTube","","","",""
"Marez","30/09/2024 08:35","30/09/2024 09:20","0.75","","Producción YouTube","","","",""
"Marez","30/09/2024 11:00","30/09/2024 11:50","0.83","","Producción YouTube","","","",""
"Marez","30/09/2024 14:25","30/09/2024 15:15","0.83","","Producción YouTube","","","",""
"Marez","30/09/2024 15:15","30/09/2024 16:45","1.5","","Producción YouTube","","","",""
"Marez","30/09/2024 17:20","30/09/2024 17:30","0.17","","Producción YouTube","","","",""
"Marez","30/09/2024 21:00","30/09/2024 22:55","1.92","","Producción YouTube","","","",""
"Marez","01/10/2024 10:55","01/10/2024 12:25","1.5","","Desarrollo","","","",""
"Marez","01/10/2024 14:00","01/10/2024 15:40","1.67","","Producción YouTube","","","",""
"Marez","01/10/2024 15:40","01/10/2024 15:45","0.08","","Ayuda comunitaria","","","",""
"Marez","01/10/2024 15:30","01/10/2024 17:30","2","","Producción YouTube","","","",""
"Marez","01/10/2024 20:40","01/10/2024 21:35","0.92","","Producción YouTube","","","",""
"Marez","02/10/2024 08:20","02/10/2024 09:30","1.17","","Blogging","","","",""
"Marez","02/10/2024 09:20","02/10/2024 11:15","1.92","","Producción YouTube","","","",""
"Marez","02/10/2024 11:30","02/10/2024 11:50","0.33","","Producción YouTube","","","",""
"Marez","02/10/2024 12:15","02/10/2024 12:40","0.42","","Producción YouTube","","","",""
"Marez","02/10/2024 14:25","02/10/2024 16:05","1.67","","Producción YouTube","","","",""
"Marez","02/10/2024 16:05","02/10/2024 16:30","0.42","","","","","",""
"Marez","03/10/2024 09:05","03/10/2024 10:35","1.5","","Producción YouTube","","","",""
"Marez","03/10/2024 10:35","03/10/2024 10:55","0.33","","Producción YouTube","","","",""
"Marez","03/10/2024 10:55","03/10/2024 12:35","1.67","","Producción YouTube","","","",""
"Marez","03/10/2024 13:25","03/10/2024 14:15","0.83","","Producción YouTube","","","",""
"Marez","03/10/2024 14:15","03/10/2024 14:40","0.42","","Producción YouTube","","","",""
"Marez","03/10/2024 14:40","03/10/2024 14:55","0.25","","Producción YouTube","","","",""
"Marez","03/10/2024 21:05","03/10/2024 21:25","0.33","","Ayuda comunitaria","","","",""
"Marez","04/10/2024 09:25","04/10/2024 12:45","3.33","","Producción YouTube","","","",""
"Marez","04/10/2024 13:35","04/10/2024 14:00","0.42","","Ayuda comunitaria","","","",""
"Marez","04/10/2024 18:00","04/10/2024 18:30","0.5","","Promoción","","","",""
"Marez","05/10/2024 13:00","05/10/2024 14:15","1.25","","Ayuda comunitaria","","","",""
"Marez","06/10/2024 09:20","06/10/2024 09:50","0.5","","Ayuda comunitaria","","","",""
"Marez","06/10/2024 17:00","06/10/2024 17:30","0.5","","Desarrollo","","","",""
"Marez","06/10/2024 21:00","06/10/2024 21:30","0.5","","Desarrollo","","","",""
"Marez","07/10/2024 09:05","07/10/2024 09:55","0.83","","Producción YouTube","","","",""
"Marez","07/10/2024 09:55","07/10/2024 11:25","1.5","","Desarrollo","","","",""
"Marez","07/10/2024 14:15","07/10/2024 14:55","0.67","","Desarrollo","","","",""
"Marez","07/10/2024 14:55","07/10/2024 17:30","2.58","","Desarrollo","","","",""
"Marez","08/10/2024 09:10","08/10/2024 11:10","2","","Desarrollo","","","",""
"Marez","08/10/2024 14:15","08/10/2024 14:40","0.42","","Desarrollo","","","",""
"Marez","08/10/2024 15:10","08/10/2024 16:40","1.5","","Producción YouTube","","","",""
"Marez","08/10/2024 16:55","08/10/2024 17:10","0.25","","Ayuda comunitaria","","","",""
"Marez","09/10/2024 09:10","09/10/2024 09:45","0.58","","Análisis/Crecimiento","","","",""
"Marez","09/10/2024 09:45","09/10/2024 11:30","1.75","","Producción YouTube","","","",""
"Marez","09/10/2024 11:30","09/10/2024 12:25","0.92","","","","","",""
"Marez","09/10/2024 13:20","09/10/2024 15:00","1.67","","Producción YouTube","","","",""
"Marez","09/10/2024 15:25","09/10/2024 16:15","0.83","","Producción YouTube","","","",""
"Marez","09/10/2024 16:15","09/10/2024 16:35","0.33","","Desarrollo","","","",""
"Marez","10/10/2024 09:00","10/10/2024 09:45","0.75","","Promoción","","","",""
"Marez","10/10/2024 09:45","10/10/2024 11:45","2","","Producción YouTube","","","",""
"Marez","10/10/2024 13:30","10/10/2024 15:30","2","","Producción YouTube","","","",""
"Marez","10/10/2024 15:45","10/10/2024 16:45","1","","Producción YouTube","","","",""
"Marez","10/10/2024 16:55","10/10/2024 17:05","0.17","","Ayuda comunitaria","","","",""
"Marez","10/10/2024 21:00","10/10/2024 22:00","1","","Análisis/Crecimiento","","","",""
"Marez","11/10/2024 09:00","11/10/2024 10:15","1.25","","Producción YouTube","","","",""
"Marez","11/10/2024 10:15","11/10/2024 11:25","1.17","","Producción YouTube","","","",""
"Marez","11/10/2024 11:35","11/10/2024 11:50","0.25","","Ayuda comunitaria","","","",""
"Marez","11/10/2024 11:50","11/10/2024 12:25","0.58","","Patrocinadores","","","",""
"Marez","11/10/2024 12:35","11/10/2024 12:55","0.33","","Producción YouTube","","","",""
"Marez","11/10/2024 15:55","11/10/2024 16:25","0.5","","Ayuda comunitaria","","","",""
"Marez","11/10/2024 16:30","11/10/2024 17:15","0.75","","Análisis/Crecimiento","","","",""
"Marez","12/10/2024 13:45","12/10/2024 15:15","1.5","","Análisis/Crecimiento","","","",""
"Marez","13/10/2024 10:00","13/10/2024 10:35","0.58","","Ayuda comunitaria","","","",""
"Marez","13/10/2024 16:30","13/10/2024 17:30","1","","Análisis/Crecimiento","","","",""
"Marez","13/10/2024 19:55","13/10/2024 20:35","0.67","","","","","",""
"Marez","14/10/2024 08:45","14/10/2024 09:40","0.92","","Producción YouTube","","","",""
"Marez","14/10/2024 11:15","14/10/2024 11:45","0.5","","Administración","","","",""
"Marez","14/10/2024 11:45","14/10/2024 12:15","0.5","","Curso Flutter/Firebase","","","",""
"Marez","14/10/2024 12:45","14/10/2024 14:00","1.25","","Curso Flutter/Firebase","","","",""
"Marez","14/10/2024 14:15","14/10/2024 14:25","0.17","","Curso Flutter/Firebase","","","",""
"Marez","14/10/2024 14:40","14/10/2024 15:50","1.17","","Producción YouTube","","","",""
"Marez","14/10/2024 15:55","14/10/2024 16:15","0.33","","Ayuda comunitaria","","","",""
"Marez","14/10/2024 16:20","14/10/2024 17:25","1.08","","Desarrollo","","","",""
"Marez","14/10/2024 20:40","14/10/2024 21:20","0.67","","Producción YouTube","","","",""
"Marez","15/10/2024 09:05","15/10/2024 12:45","3.67","","Curso Flutter/Firebase","","","",""
"Marez","15/10/2024 14:15","15/10/2024 16:00","1.75","","Curso Flutter/Firebase","","","",""
"Marez","16/10/2024 10:30","16/10/2024 11:00","0.5","","Ayuda comunitaria","","","",""
"Marez","16/10/2024 13:20","16/10/2024 14:10","0.83","","Curso Flutter/Firebase","","","",""
"Marez","16/10/2024 16:00","16/10/2024 17:10","1.17","","Curso Flutter/Firebase","","","",""
"Marez","17/10/2024 09:00","17/10/2024 10:15","1.25","","Curso Flutter/Firebase","","","",""
"Marez","17/10/2024 10:30","17/10/2024 11:50","1.33","","Curso Flutter/Firebase","","","",""
"Marez","17/10/2024 12:45","17/10/2024 13:40","0.92","","Curso Flutter/Firebase","","","",""
"Marez","17/10/2024 13:45","17/10/2024 14:15","0.5","","Blogging","","","",""
"Marez","17/10/2024 15:00","17/10/2024 15:10","0.17","","Curso Flutter/Firebase","","","",""
"Marez","17/10/2024 16:00","17/10/2024 17:00","1","","Curso Flutter/Firebase","","","",""
"Marez","18/10/2024 09:00","18/10/2024 10:50","1.83","","Curso Flutter/Firebase","","","",""
"Marez","18/10/2024 11:00","18/10/2024 12:00","1","","Curso Flutter/Firebase","","","",""
"Marez","18/10/2024 12:40","18/10/2024 13:30","0.83","","","","","",""
"Marez","18/10/2024 13:40","18/10/2024 13:55","0.25","","","","","",""
"Marez","21/10/2024 09:40","21/10/2024 10:15","0.58","","Producción YouTube","","","",""
"Marez","21/10/2024 11:00","21/10/2024 13:05","2.08","","Curso Flutter/Firebase","","","",""
"Marez","21/10/2024 14:30","21/10/2024 14:50","0.33","","Curso Flutter/Firebase","","","",""
"Marez","21/10/2024 14:50","21/10/2024 15:30","0.67","","Curso Flutter/Firebase","","","",""
"Marez","21/10/2024 15:40","21/10/2024 16:10","0.5","","Curso Flutter/Firebase","","","",""
"Marez","21/10/2024 16:45","21/10/2024 17:25","0.67","","Curso Flutter/Firebase","","","",""
"Marez","22/10/2024 08:55","22/10/2024 09:00","0.08","","Ayuda comunitaria","","","",""
"Marez","22/10/2024 09:00","22/10/2024 10:50","1.83","","Blogging","","","",""
"Marez","22/10/2024 10:50","22/10/2024 11:15","0.42","","","","","",""
"Marez","22/10/2024 14:00","22/10/2024 14:15","0.25","","Administración","","","",""
"Marez","22/10/2024 14:15","22/10/2024 14:30","0.25","","Administración","","","",""
"Marez","22/10/2024 14:30","22/10/2024 16:10","1.67","","Blogging","","","",""
"Marez","23/10/2024 08:30","23/10/2024 10:20","1.83","","Curso Flutter/Firebase","","","",""
"Marez","23/10/2024 11:40","23/10/2024 12:20","0.67","","Curso Flutter/Firebase","","","",""
"Marez","23/10/2024 13:00","23/10/2024 14:00","1","","Curso Flutter/Firebase","","","",""
"Marez","23/10/2024 14:00","23/10/2024 16:10","2.17","","Curso Flutter/Firebase","","","",""
"Marez","24/10/2024 09:20","24/10/2024 12:05","2.75","","Curso Flutter/Firebase","","","",""
"Marez","24/10/2024 13:45","24/10/2024 15:00","1.25","","Blogging","","","",""
"Marez","24/10/2024 15:20","24/10/2024 15:50","0.5","","Blogging","","","",""
"Marez","24/10/2024 15:50","24/10/2024 16:10","0.33","","Ayuda comunitaria","","","",""
"Marez","24/10/2024 16:20","24/10/2024 16:50","0.5","","Curso Flutter/Firebase","","","",""
"Marez","24/10/2024 20:35","24/10/2024 21:15","0.67","","Curso Flutter/Firebase","","","",""
"Marez","25/10/2024 16:45","25/10/2024 17:20","0.58","","Ayuda comunitaria","","","",""
"Marez","25/10/2024 17:55","25/10/2024 18:15","0.33","","Curso Flutter/Firebase","","","",""
"Marez","26/10/2024 10:15","26/10/2024 11:15","1","","Curso Flutter/Firebase","","","",""
"Marez","26/10/2024 20:30","26/10/2024 21:00","0.5","","Ayuda comunitaria","","","",""
"Marez","27/10/2024 20:25","27/10/2024 20:35","0.17","","Ayuda comunitaria","","","",""
"Marez","27/10/2024 20:35","27/10/2024 21:55","1.33","","Producción YouTube","","","",""
"Marez","28/10/2024 08:55","28/10/2024 09:10","0.25","","Producción YouTube","","","",""
"Marez","28/10/2024 09:10","28/10/2024 10:35","1.42","","Curso Flutter/Firebase","","","",""
"Marez","28/10/2024 10:40","28/10/2024 12:20","1.67","","Curso Flutter/Firebase","","","",""
"Marez","28/10/2024 13:15","28/10/2024 14:40","1.42","","Curso Flutter/Firebase","","","",""
"Marez","28/10/2024 15:15","28/10/2024 16:30","1.25","","Curso Flutter/Firebase","","","",""
"Marez","28/10/2024 21:00","28/10/2024 22:00","1","","Análisis/Crecimiento","","","",""
"Marez","29/10/2024 09:00","29/10/2024 10:55","1.92","","Curso Flutter/Firebase","","","",""
"Marez","29/10/2024 11:00","29/10/2024 11:50","0.83","","Curso Flutter/Firebase","","","",""
"Marez","29/10/2024 13:10","29/10/2024 13:45","0.58","","Administración","","","",""
"Marez","29/10/2024 14:10","29/10/2024 14:45","0.58","","Desarrollo","","","",""
"Marez","29/10/2024 14:50","29/10/2024 15:05","0.25","","Ayuda comunitaria","","","",""
"Marez","29/10/2024 15:05","29/10/2024 15:20","0.25","","Ayuda comunitaria","","","",""
"Marez","29/10/2024 15:45","29/10/2024 16:00","0.25","","Curso Flutter/Firebase","","","",""
"Marez","29/10/2024 16:00","29/10/2024 16:45","0.75","","Análisis/Crecimiento","","","",""
"Marez","29/10/2024 20:20","29/10/2024 21:20","1","","Ayuda comunitaria","","","",""
"Marez","30/10/2024 09:05","30/10/2024 11:05","2","","Producción YouTube","","","",""
"Marez","30/10/2024 11:05","30/10/2024 12:30","1.42","","Producción YouTube","","","",""
"Marez","30/10/2024 14:00","30/10/2024 15:35","1.58","","Producción YouTube","","","",""
"Marez","30/10/2024 15:35","30/10/2024 16:30","0.92","","Producción YouTube","","","",""
"Marez","31/10/2024 09:00","31/10/2024 10:35","1.58","","Producción YouTube","","","",""
"Marez","31/10/2024 13:00","31/10/2024 13:50","0.83","","Producción YouTube","","","",""
"Marez","31/10/2024 13:50","31/10/2024 14:05","0.25","","Ayuda comunitaria","","","",""
"Marez","31/10/2024 14:05","31/10/2024 14:30","0.42","","Análisis/Crecimiento","","","",""
"Marez","31/10/2024 15:00","31/10/2024 15:10","0.17","","Producción YouTube","","","",""
"Marez","01/11/2024 08:50","01/11/2024 09:20","0.5","","","","","",""
"Marez","01/11/2024 09:20","01/11/2024 11:35","2.25","","","","","",""
"Marez","01/11/2024 12:45","01/11/2024 14:05","1.33","","","","","",""
"Marez","01/11/2024 15:30","01/11/2024 17:00","1.5","","","","","",""
"Marez","02/11/2024 11:00","02/11/2024 11:20","0.33","","Producción YouTube","","","",""
"Marez","03/11/2024 15:00","03/11/2024 15:55","0.92","","Desarrollo","","","",""
"Marez","03/11/2024 16:05","03/11/2024 17:05","1","","Desarrollo","","","",""
"Marez","03/11/2024 20:15","03/11/2024 21:15","1","","Desarrollo","","","",""
"Marez","04/11/2024 08:15","04/11/2024 08:45","0.5","","Producción YouTube","","","",""
"Marez","04/11/2024 08:45","04/11/2024 09:15","0.5","","Ayuda comunitaria","","","",""
"Marez","04/11/2024 15:15","04/11/2024 16:45","1.5","","","","","",""
"Marez","05/11/2024 14:30","05/11/2024 15:30","1","","","","","",""
"Marez","12/11/2024 21:30","12/11/2024 22:05","0.58","","Ayuda comunitaria","","","",""
"Marez","20/11/2024 16:30","20/11/2024 16:45","0.25","","Análisis/Crecimiento","","","",""
"Marez","20/11/2024 16:45","20/11/2024 17:25","0.67","","Ayuda comunitaria","","","",""
"Marez","21/11/2024 05:20","21/11/2024 06:20","1","","Producción YouTube","","","",""
"Marez","21/11/2024 09:00","21/11/2024 10:40","1.67","","Producción YouTube","","","",""
"Marez","21/11/2024 10:55","21/11/2024 12:40","1.75","","Producción YouTube","","","",""
"Marez","21/11/2024 13:20","21/11/2024 14:30","1.17","","Producción YouTube","","","",""
"Marez","21/11/2024 14:35","21/11/2024 14:55","0.33","","Ayuda comunitaria","","","",""
"Marez","22/11/2024 08:55","22/11/2024 10:50","1.92","","Producción YouTube","","","",""
"Marez","22/11/2024 13:35","22/11/2024 13:55","0.33","","Ayuda comunitaria","","","",""
"Marez","22/11/2024 15:15","22/11/2024 15:45","0.5","","Producción YouTube","","","",""
"Marez","23/11/2024 14:10","23/11/2024 14:15","0.08","","","","","",""
"Marez","23/11/2024 22:10","23/11/2024 22:55","0.75","","Análisis/Crecimiento","","","",""
"Marez","23/11/2024 23:00","24/11/2024 02:00","3","","Producción YouTube","","","",""
"Marez","25/11/2024 09:15","25/11/2024 10:15","1","","Análisis/Crecimiento","","","",""
"Marez","25/11/2024 10:15","25/11/2024 11:15","1","","Análisis/Crecimiento","","","",""
"Marez","25/11/2024 11:50","25/11/2024 13:10","1.33","","Producción YouTube","","","",""
"Marez","25/11/2024 14:05","25/11/2024 14:15","0.17","","Ayuda comunitaria","","","",""
"Marez","25/11/2024 14:15","25/11/2024 14:25","0.17","","Desarrollo","","","",""
"Marez","25/11/2024 14:30","25/11/2024 15:35","1.08","","Desarrollo","","","",""
"Marez","25/11/2024 15:40","25/11/2024 16:55","1.25","","Producción YouTube","","","",""
"Marez","25/11/2024 20:30","25/11/2024 20:50","0.33","","Ayuda comunitaria","","","",""
"Marez","26/11/2024 09:00","26/11/2024 10:05","1.08","","Configurar página web","","","",""
"Marez","26/11/2024 10:05","26/11/2024 10:30","0.42","","Ayuda comunitaria","","","",""
"Marez","26/11/2024 10:40","26/11/2024 12:00","1.33","","Producción YouTube","","","",""
"Marez","26/11/2024 13:20","26/11/2024 13:40","0.33","","Desarrollo","","","",""
"Marez","26/11/2024 13:40","26/11/2024 14:40","1","","","","","",""
"Marez","26/11/2024 15:10","26/11/2024 15:55","0.75","","Producción YouTube","","","",""
"Marez","26/11/2024 15:55","26/11/2024 16:15","0.33","","Desarrollo","","","",""
"Marez","27/11/2024 08:00","27/11/2024 08:40","0.67","","Producción YouTube","","","",""
"Marez","27/11/2024 08:40","27/11/2024 09:20","0.67","","Blogging","","","",""
"Marez","27/11/2024 11:45","27/11/2024 12:25","0.67","","Producción YouTube","","","",""
"Marez","27/11/2024 13:25","27/11/2024 15:40","2.25","","Producción YouTube","","","",""
"Marez","27/11/2024 15:45","27/11/2024 17:10","1.42","","Blogging","","","",""
"Marez","27/11/2024 21:00","27/11/2024 22:30","1.5","","Blogging","","","",""
"Marez","28/11/2024 08:25","28/11/2024 09:55","1.5","","Producción YouTube","","","",""
"Marez","28/11/2024 10:55","28/11/2024 12:15","1.33","","Producción YouTube","","","",""
"Marez","28/11/2024 16:00","28/11/2024 17:30","1.5","","Desarrollo","","","",""
"Marez","28/11/2024 21:30","28/11/2024 22:20","0.83","","","","","",""
"Marez","29/11/2024 09:10","29/11/2024 09:35","0.42","","Ayuda comunitaria","","","",""
"Marez","29/11/2024 09:35","29/11/2024 10:10","0.58","","Producción YouTube","","","",""
"Marez","02/12/2024 09:00","02/12/2024 09:30","0.5","","Producción YouTube","","","",""
"Marez","02/12/2024 09:30","02/12/2024 09:40","0.17","","Ayuda comunitaria","","","",""
"Marez","02/12/2024 09:40","02/12/2024 10:05","0.42","","Análisis/Crecimiento","","","",""
"Marez","02/12/2024 10:05","02/12/2024 10:30","0.42","","Análisis/Crecimiento","","","",""
"Marez","02/12/2024 10:30","02/12/2024 11:45","1.25","","Blogging","","","",""
"Marez","02/12/2024 13:30","02/12/2024 14:55","1.42","","Desarrollo","","","",""
"Marez","02/12/2024 15:40","02/12/2024 16:40","1","","Desarrollo","","","",""
"Marez","02/12/2024 16:45","02/12/2024 17:05","0.33","","Clientes potenciales","","","",""
"Marez","03/12/2024 09:05","03/12/2024 09:25","0.33","","Ayuda comunitaria","","","",""
"Marez","03/12/2024 09:25","03/12/2024 09:40","0.25","","Clientes potenciales","","","",""
"Marez","03/12/2024 09:45","03/12/2024 10:40","0.92","","Desarrollo","","","",""
"Marez","03/12/2024 13:55","03/12/2024 15:00","1.08","","Blogging","","","",""
"Marez","03/12/2024 15:00","03/12/2024 15:30","0.5","","Blogging","","","",""
"Marez","03/12/2024 15:45","03/12/2024 16:30","0.75","","Clientes potenciales","","","",""
"Marez","04/12/2024 08:30","04/12/2024 09:00","0.5","","Configurar página web","","","",""
"Marez","04/12/2024 09:30","04/12/2024 12:30","3","","Configurar página web","","","",""
"Marez","04/12/2024 14:45","04/12/2024 16:50","2.08","","Configurar página web","","","",""
"Marez","04/12/2024 16:50","04/12/2024 17:05","0.25","","Ayuda comunitaria","","","",""
"Marez","04/12/2024 17:05","04/12/2024 17:35","0.5","","Configurar página web","","","",""
"Marez","04/12/2024 20:20","04/12/2024 21:40","1.33","","Configurar página web","","","",""
"Marez","05/12/2024 05:20","05/12/2024 07:15","1.92","","Configurar página web","","","",""
"Marez","05/12/2024 09:00","05/12/2024 11:40","2.67","","Configurar página web","","","",""
"Marez","05/12/2024 19:15","05/12/2024 19:30","0.25","","Blogging","","","",""
"Marez","05/12/2024 20:00","05/12/2024 20:45","0.75","","Producción YouTube","","","",""
"Marez","05/12/2024 20:45","05/12/2024 21:10","0.42","","Ayuda comunitaria","","","",""
"Marez","06/12/2024 09:10","06/12/2024 12:10","3","","Configurar página web","","","",""
"Marez","06/12/2024 13:25","06/12/2024 15:20","1.92","","Configurar página web","","","",""
"Marez","06/12/2024 15:45","06/12/2024 17:00","1.25","","Configurar página web","","","",""
"Marez","06/12/2024 17:15","06/12/2024 17:50","0.58","","Configurar página web","","","",""
"Marez","06/12/2024 20:10","06/12/2024 21:10","1","","Ayuda comunitaria","","","",""
"Marez","06/12/2024 21:10","06/12/2024 22:05","0.92","","Configurar página web","","","",""
"Marez","08/12/2024 14:35","08/12/2024 17:10","2.58","","Configurar página web","","","",""
"Marez","08/12/2024 20:40","08/12/2024 23:00","2.33","","Configurar página web","","","",""
"Marez","09/12/2024 09:05","09/12/2024 11:25","2.33","","Producción YouTube","","","",""
"Marez","09/12/2024 11:40","09/12/2024 11:55","0.25","","Producción YouTube","","","",""
"Marez","09/12/2024 11:55","09/12/2024 12:10","0.25","","Ayuda comunitaria","","","",""
"Marez","09/12/2024 13:05","09/12/2024 14:45","1.67","","Producción YouTube","","","",""
"Marez","09/12/2024 14:45","09/12/2024 15:05","0.33","","Blogging","","","",""
"Marez","09/12/2024 15:45","09/12/2024 17:00","1.25","","Blogging","","","",""
"Marez","09/12/2024 20:30","09/12/2024 20:50","0.33","","Configurar página web","","","",""
"Marez","10/12/2024 09:00","10/12/2024 12:25","3.42","","Producción YouTube","","","",""
"Marez","10/12/2024 13:30","10/12/2024 13:50","0.33","","Producción YouTube","","","",""
"Marez","10/12/2024 14:05","10/12/2024 15:10","1.08","","Producción YouTube","","","",""
"Marez","10/12/2024 16:00","10/12/2024 16:45","0.75","","Producción YouTube","","","",""
"Marez","10/12/2024 16:50","10/12/2024 17:35","0.75","","Blogging","","","",""
"Marez","10/12/2024 20:20","10/12/2024 22:20","2","","Configurar página web","","","",""
"Marez","11/12/2024 09:00","11/12/2024 09:10","0.17","","Ayuda comunitaria","","","",""
"Marez","11/12/2024 09:10","11/12/2024 09:25","0.25","","Ayuda comunitaria","","","",""
"Marez","11/12/2024 09:25","11/12/2024 12:30","3.08","","Producción YouTube","","","",""
"Marez","11/12/2024 13:15","11/12/2024 16:30","3.25","","Producción YouTube","","","",""
"Marez","12/12/2024 08:55","12/12/2024 09:05","0.17","","Ayuda comunitaria","","","",""
"Marez","12/12/2024 09:05","12/12/2024 11:25","2.33","","Producción YouTube","","","",""
"Marez","12/12/2024 11:35","12/12/2024 12:40","1.08","","Producción YouTube","","","",""
"Marez","12/12/2024 13:20","12/12/2024 15:10","1.83","","Producción YouTube","","","",""
"Marez","12/12/2024 15:55","12/12/2024 16:20","0.42","","Producción YouTube","","","",""
"Marez","12/12/2024 20:45","12/12/2024 22:00","1.25","","Configurar página web","","","",""
"Marez","13/12/2024 09:00","13/12/2024 11:45","2.75","","Producción YouTube","","","",""
"Marez","13/12/2024 12:25","13/12/2024 12:45","0.33","","Producción YouTube","","","",""
"Marez","13/12/2024 12:45","13/12/2024 13:50","1.08","","Blogging","","","",""
"Marez","13/12/2024 15:10","13/12/2024 15:45","0.58","","Blogging","","","",""
"Marez","14/12/2024 17:35","14/12/2024 17:55","0.33","","","","","",""
"Marez","14/12/2024 21:00","14/12/2024 23:00","2","","Blogging","","","",""
"Marez","16/12/2024 09:00","16/12/2024 11:25","2.42","","Blogging","","","",""
"Marez","16/12/2024 11:35","16/12/2024 12:45","1.17","","Blogging","","","",""
"Marez","16/12/2024 13:30","16/12/2024 14:00","0.5","","Blogging","","","",""
"Marez","16/12/2024 14:05","16/12/2024 14:55","0.83","","Promoción","","","",""
"Marez","16/12/2024 15:15","16/12/2024 16:55","1.67","","Configurar página web","","","",""
"Marez","16/12/2024 16:55","16/12/2024 17:15","0.33","","Análisis/Crecimiento","","","",""
"Marez","16/12/2024 21:00","16/12/2024 22:30","1.5","","Configurar página web","","","",""
"Marez","17/12/2024 09:15","17/12/2024 10:15","1","","Configurar página web","","","",""
"Marez","17/12/2024 10:20","17/12/2024 12:25","2.08","","Configurar página web","","","",""
"Marez","17/12/2024 15:15","17/12/2024 16:15","1","","Configurar página web","","","",""
"Marez","17/12/2024 16:15","17/12/2024 17:35","1.33","","Configurar página web","","","",""
"Marez","17/12/2024 20:20","17/12/2024 21:45","1.42","","Configurar página web","","","",""
"Marez","18/12/2024 09:20","18/12/2024 10:00","0.67","","Configurar página web","","","",""
"Marez","18/12/2024 10:00","18/12/2024 11:20","1.33","","Configurar página web","","","",""
"Marez","18/12/2024 13:50","18/12/2024 14:45","0.92","","Configurar página web","","","",""
"Marez","18/12/2024 14:45","18/12/2024 15:10","0.42","","Configurar página web","","","",""
"Marez","18/12/2024 15:45","18/12/2024 16:00","0.25","","Configurar página web","","","",""
"Marez","18/12/2024 16:30","18/12/2024 17:00","0.5","","Blogging","","","",""
"Marez","18/12/2024 20:30","18/12/2024 22:00","1.5","","Blogging","","","",""
"Marez","19/12/2024 09:00","19/12/2024 09:40","0.67","","Desarrollo","","","",""
"Marez","19/12/2024 09:50","19/12/2024 10:15","0.42","","Ayuda comunitaria","","","",""
"Marez","19/12/2024 10:15","19/12/2024 11:40","1.42","","Desarrollo","","","",""
"Marez","19/12/2024 11:50","19/12/2024 12:25","0.58","","Ayuda comunitaria","","","",""
"Marez","19/12/2024 14:40","19/12/2024 15:05","0.42","","Configurar página web","","","",""
"Marez","20/12/2024 09:05","20/12/2024 09:15","0.17","","Ayuda comunitaria","","","",""
"Marez","20/12/2024 09:15","20/12/2024 12:00","2.75","","Configurar página web","","","",""
"Marez","20/12/2024 14:00","20/12/2024 15:30","1.5","","Análisis/Crecimiento","","","",""
"Marez","21/12/2024 20:25","21/12/2024 20:55","0.5","","Ayuda comunitaria","","","",""
"Marez","21/12/2024 21:00","21/12/2024 21:35","0.58","","Configurar página web","","","",""
"Marez","29/12/2024 16:45","29/12/2024 17:15","0.5","","Ayuda comunitaria","","","",""
"Marez","29/12/2024 17:15","29/12/2024 17:35","0.33","","Clientes potenciales","","","",""
"Marez","29/12/2024 20:45","29/12/2024 21:15","0.5","","Análisis/Crecimiento","","","",""
"Marez","30/12/2024 08:00","30/12/2024 08:30","0.5","","Configurar página web","","","",""
"Marez","30/12/2024 08:45","30/12/2024 10:45","2","","Configurar página web","","","",""
"Marez","30/12/2024 13:05","30/12/2024 16:20","3.25","","Configurar página web","","","",""
"Marez","30/12/2024 20:25","30/12/2024 20:35","0.17","","Ayuda comunitaria","","","",""
"Marez","30/12/2024 20:35","30/12/2024 22:35","2","","Configurar página web","","","",""
"Marez","31/12/2024 08:30","31/12/2024 09:25","0.92","","Configurar página web","","","",""
"Marez","31/12/2024 09:55","31/12/2024 11:25","1.5","","Producción YouTube","","","",""
"Marez","31/12/2024 11:15","31/12/2024 12:15","1","","Análisis/Crecimiento","","","",""
"Marez","31/12/2024 13:45","31/12/2024 14:15","0.5","","Análisis/Crecimiento","","","",""
"Marez","31/12/2024 14:15","31/12/2024 15:05","0.83","","Desarrollo","","","",""
"Marez","31/12/2024 15:20","31/12/2024 16:40","1.33","","Configurar página web","","","",""